Name,Tot. Statements,Tot. Branches,Branches Covered,Generations,Blockchain Time,Offchain Time,Total time
BasicToken,11,9,8,0,57.206677,23.113709999999998,80.320387
PermissionGroups,58,88,80,1,134.786425,52.033648,186.820073
BokkyPooBahsDateTimeLibrary,43,302,291,1,187.443529,366.462904,553.906433
InstaAddress,8,37,31,1,229.869385,247.088961,476.958346
